id,prediction
218490,0
218493,1
218499,0
218507,1
218508,0
218509,0
218511,0
218517,0
218526,0
218528,0
218530,1
218534,0
218536,0
218550,1
218556,1
218560,0
218564,1
218568,0
218569,0
218572,0
218575,0
218576,0
218578,1
218580,0
218581,1
218584,0
218585,1
218590,1
218593,1
218600,0
218601,0
218603,0
218608,0
218610,0
218612,0
218614,0
218615,1
218623,0
218626,0
218628,0
218635,1
218638,0
218646,0
218647,0
218655,0
218659,0
218660,0
218662,1
218679,0
218688,0
218693,0
218695,1
218700,0
218702,0
218708,1
218714,0
218720,0
218721,1
218723,1
218742,0
218744,0
218745,0
218746,0
218747,0
218749,0
218761,0
218765,1
218766,1
218769,0
218770,0
218771,0
218772,0
218773,0
218776,0
218778,0
218784,1
218790,0
218793,0
218806,0
218809,0
218816,0
218817,0
218818,0
218821,0
218822,0
218828,1
218830,0
218836,0
218838,1
218840,0
218850,0
218851,0
218853,1
218859,0
218862,0
218863,0
218865,1
218873,0
218874,0
218875,0
218881,0
218887,0
218889,1
218891,1
218892,0
218894,0
218907,0
218910,1
218913,1
218915,0
218916,0
218917,0
218918,0
218919,0
218921,1
218925,0
218927,0
218929,0
218932,0
218934,0
218935,0
218940,1
218942,0
218943,0
218944,1
218946,1
218957,0
218962,0
218966,0
218967,0
218968,0
218977,0
218980,0
218983,0
218986,0
218993,0
218996,0
219000,0
219001,0
219002,0
219004,0
219007,0
219011,0
219025,0
219026,0
219029,1
219031,0
219033,0
219047,0
219048,0
219060,0
219063,1
219066,0
219067,0
219071,0
219072,0
219073,1
219075,0
219081,1
219084,1
219087,1
219090,0
219092,1
219093,0
219098,0
219100,0
219108,1
219116,0
219130,0
219138,0
219144,0
219151,0
219157,0
219158,0
219161,0
219163,0
219167,0
219170,0
219171,0
219173,0
219175,1
219177,0
219179,0
219182,0
219183,0
219186,0
219187,1
219188,1
219189,0
219192,0
219197,0
219199,0
219201,0
219204,0
219205,0
219208,0
219212,0
219215,0
219217,0
219223,0
219239,1
219245,1
219257,1
219259,1
219261,0
219265,1
219271,0
219281,0
219282,1
219289,1
219290,0
219292,0
219293,0
219304,0
219307,0
219310,1
219313,0
219326,0
219328,0
219334,0
219336,0
219338,0
219344,0
219347,0
219356,0
219362,0
219365,0
219367,1
219369,0
219371,1
219372,0
219380,0
219399,0
219402,1
219413,0
219415,0
219417,1
219421,0
219426,0
219430,1
219438,0
219440,0
219444,0
219447,0
219450,1
219456,0
219457,0
219460,1
219461,0
219472,0
219475,1
219480,1
219482,0
219484,0
219490,0
219491,0
219492,0
219496,1
219499,0
219500,0
219503,1
219508,0
219510,1
219518,0
219519,0
219524,0
219525,0
219538,0
219542,0
219546,0
219547,0
219549,0
219552,0
219553,0
219556,0
219560,0
219561,0
219565,0
219569,1
219575,1
219602,1
219604,0
219605,1
219613,0
219614,1
219616,0
219619,0
219623,1
219630,1
219631,0
219632,0
219633,0
219639,0
219647,1
219648,0
219652,0
219655,1
219660,0
219661,0
219665,0
219669,0
219672,0
219673,1
219680,1
219689,1
219691,0
219698,1
219703,1
219710,0
219711,0
219716,0
219717,1
219721,0
219733,0
219738,0
219740,1
219741,0
219742,0
219745,0
219747,0
219751,1
219753,1
219756,0
219763,0
219764,0
219767,0
219768,0
219775,0
219776,1
219779,0
219781,0
219785,1
219790,0
219795,0
219804,0
219810,1
219811,0
219824,0
219830,0
219832,0
219834,1
219835,0
219850,0
219851,0
219858,0
219864,0
219865,0
219866,0
219872,0
219874,0
219876,0
219880,0
219883,0
219885,0
219886,0
219889,1
219898,0
219900,0
219902,0
219908,1
219914,1
219918,0
219919,0
219923,0
219928,0
219934,0
219935,0
219943,1
219945,0
219950,0
219952,0
219955,1
219956,0
219964,0
219965,1
219972,1
219979,0
219980,0
219986,0
219992,0
219994,0
219995,0
219999,0
220001,0
220009,0
220018,0
220019,0
220024,0
220028,1
220035,0
220036,1
220039,0
220040,1
220041,0
220044,0
220046,0
220058,0
220060,0
220067,1
220069,0
220073,1
220074,0
220079,0
220080,0
220081,1
220082,0
220086,0
220087,0
220088,0
220089,0
220092,0
220096,0
220097,0
220098,1
220102,0
220105,0
220106,1
220109,0
220111,0
220112,0
220113,1
220115,1
220116,0
220118,0
220119,0
220121,0
220124,0
220125,0
220128,1
220135,1
220138,0
220145,1
220146,0
220149,0
220154,0
220160,0
220163,1
220168,0
220170,0
220173,0
220178,0
220179,0
220185,1
220190,0
220213,0
220220,0
220223,1
220226,0
220232,0
220235,0
220240,0
220245,0
220248,1
220251,1
220254,1
220274,0
220276,0
220279,0
220285,0
220298,1
220299,0
220300,0
220303,0
220321,1
220326,1
220328,0
220348,0
220349,1
220359,0
220360,1
220361,0
220372,0
220373,0
220381,1
220391,0
220392,0
220393,0
220394,0
220396,0
220398,0
220401,0
220403,0
220405,0
220408,0
220410,0
220416,0
220422,1
220424,0
220425,0
220428,1
220432,0
220434,0
220438,0
220443,1
220445,0
220446,1
220459,0
220461,0
220462,0
220465,1
220466,0
220468,0
220470,0
220473,1
220485,1
220486,0
220487,0
220489,1
220493,0
220494,1
220495,0
220496,1
220502,0
220506,1
220508,0
220510,0
220512,0
220517,0
220519,0
220521,0
220522,1
220524,1
220525,1
220527,0
220528,0
220530,0
220531,0
220532,0
220537,0
220543,1
220545,0
220546,1
220550,0
220551,1
220552,0
220555,0
220560,0
220561,0
220571,0
220576,1
220581,0
220590,0
220593,0
220599,0
220603,0
220604,0
220606,0
220612,0
220617,0
220618,1
220619,1
220623,1
220625,0
220627,1
220632,0
220633,0
220637,0
220640,0
220643,0
220644,0
220645,1
220647,0
220656,0
220659,0
220663,1
220664,1
220671,1
220673,1
220674,0
220676,1
220682,0
220683,1
220684,1
220688,0
220689,0
220697,0
220710,0
220716,0
220721,0
220722,0
220723,0
220724,1
220726,0
220727,1
220729,0
220734,0
220736,1
220737,1
220746,0
220756,0
220757,0
220760,0
220761,1
220762,0
220763,1
220771,0
220776,0
220782,0
220783,0
220784,0
220785,0
220790,0
220796,1
220800,1
220801,0
220803,0
220804,0
220807,0
220808,0
220813,0
220814,1
220816,0
220826,1
220831,0
220833,0
220835,0
220839,0
220840,0
220841,0
220845,0
220847,0
220849,0
220851,0
220852,1
220853,0
220856,0
220857,1
220860,0
220864,0
220867,1
220872,0
220873,0
220875,0
220877,0
220884,1
220887,0
220894,0
220896,0
220906,1
220909,0
220913,0
220917,0
220924,0
220930,0
220933,0
220940,0
220943,0
220954,1
220958,0
220964,0
220969,0
220974,0
220975,1
220980,1
220983,0
220984,0
220992,1
220993,0
220994,1
220997,0
220999,0
221002,0
221006,1
221007,0
221017,0
221019,1
221020,0
221021,1
221022,0
221023,0
221026,1
221032,0
221036,1
221037,1
221049,0
221051,0
221058,0
221059,0
221062,1
221069,1
221076,0
221077,0
221078,1
221079,1
221082,1
221089,1
221093,0
221095,1
221102,0
221114,0
221116,1
221117,0
221120,1
221122,0
221125,0
221128,0
221129,1
221130,0
221134,0
221136,0
221139,1
221141,1
221144,1
221149,0
221152,1
221153,0
221158,0
221161,0
221163,0
221165,1
221174,0
221175,0
221177,0
221181,0
221183,0
221187,0
221189,0
221191,1
221194,0
221195,1
221198,0
221201,1
221209,0
221213,0
221214,0
221225,0
221228,0
221232,0
221237,0
221238,0
221241,1
221244,1
221245,1
221247,0
221248,0
221255,1
221259,0
221269,0
221278,1
221292,0
221294,0
221296,0
221300,1
221301,1
221302,1
221305,0
221312,0
221340,1
221350,1
221353,0
221355,0
221356,0
221363,0
221364,1
221368,1
221373,0
221375,0
221376,0
221382,1
221392,1
221395,0
221405,1
221410,0
221413,0
221416,0
221424,0
221430,0
221435,0
221436,0
221441,0
221444,0
221447,0
221448,1
221450,0
221451,0
221452,0
221453,0
221457,0
221460,0
221469,0
221476,0
221478,0
221481,0
221482,0
221491,0
221492,1
221497,1
221500,0
221515,0
221520,1
221526,0
221530,0
221535,1
221540,0
221548,1
221554,0
221555,1
221565,0
221568,1
221575,0
221576,0
221585,0
221587,0
221589,0
221590,0
221593,0
221598,0
221599,1
221602,1
221608,0
221613,0
221614,0
221620,0
221624,0
221627,1
221628,0
221629,1
221639,0
221643,0
221648,0
221652,0
221658,1
221665,1
221667,0
221668,0
221671,0
221690,0
221694,0
221697,0
221698,0
221705,0
221713,0
221715,0
221723,1
221734,0
221755,0
221756,0
221763,0
221764,0
221765,1
221768,0
221773,0
221784,0
221798,0
221800,1
221803,0
221804,0
221807,1
221810,0
221812,0
221813,0
221827,1
221828,1
221840,0
221842,0
221850,0
221851,0
221856,0
221857,1
221862,0
221871,0
221873,0
221874,0
221879,1
221882,0
221883,1
221896,0
221897,0
221900,0
221904,0
221907,0
221911,1
221912,0
221915,0
221917,0
221933,0
221936,0
221946,0
221949,0
221954,0
221955,1
221956,1
221961,0
221962,1
221964,1
221966,1
221967,1
221972,0
221985,0
221987,1
221996,0
222002,0
222007,0
222009,1
222010,0
222014,0
222015,0
222022,0
222023,0
222026,0
222031,0
222033,0
222049,0
222051,0
222055,0
222056,0
222065,1
222066,0
222067,0
222068,0
222076,1
222078,0
222084,0
222088,0
222095,0
222098,0
222101,0
222102,0
222103,1
222104,0
222105,0
222112,0
222114,0
222117,0
222118,0
222121,0
222122,0
222124,0
222134,0
222138,0
222140,1
222145,0
222146,0
222168,0
222170,0
222172,0
222173,0
222176,0
222180,0
222192,0
222197,0
222200,1
222204,0
222209,0
222214,0
222216,1
222217,1
222219,1
222224,0
222228,0
222229,0
222235,0
222240,1
222241,0
222243,0
222247,0
222250,0
222251,0
222253,0
222256,1
222261,0
222262,0
222268,1
222269,0
222274,1
222280,0
222281,1
222285,0
222286,1
222290,0
222293,0
222294,1
222304,0
222306,1
222307,0
222309,0
222313,1
222316,1
222318,1
222319,0
222333,0
222334,1
222336,0
222337,0
222338,0
222343,0
222346,0
222348,1
222351,0
222352,0
222358,0
222359,1
222360,0
222361,1
222367,0
222368,0
222378,0
222386,1
222390,0
222391,0
222392,0
222393,0
222395,0
222398,0
222399,0
222400,1
222406,0
222407,0
222412,1
222413,0
222416,0
222417,0
222418,0
222422,0
222431,0
222436,0
222441,0
222442,1
222444,0
222445,0
222448,1
222449,0
222455,0
222459,0
222460,1
222463,1
222468,1
222470,0
222471,0
222475,0
222476,1
222483,0
222485,0
222487,0
222489,0
222490,0
222496,0
222498,0
222499,1
222503,0
222504,1
222506,0
222509,0
222511,1
222520,0
222521,1
222527,0
222530,0
222531,1
222535,1
222536,0
222538,0
222544,0
222550,0
222553,0
222562,0
222566,0
222568,1
222573,0
222575,0
222576,0
222578,0
222583,1
222586,1
222588,0
222591,0
222592,1
222593,1
222594,0
222595,0
222599,0
222603,0
222607,0
222610,0
222611,0
222616,0
222617,0
222629,0
222636,1
222637,0
222638,0
222639,0
222645,1
222651,0
222656,0
222672,0
222680,0
222681,0
222685,0
222687,1
222690,0
222699,1
222706,0
222708,0
222713,0
222714,0
222723,0
222740,0
222743,0
222744,1
222747,0
222750,0
222752,0
222757,0
222758,0
222762,0
222765,0
222766,0
222779,0
222782,0
222785,0
222787,0
222792,0
222795,1
222796,0
222798,0
222802,0
222806,1
222809,0
222810,0
222811,0
222813,0
222814,0
222815,0
222816,0
222817,0
222834,1
222836,0
222846,0
222847,0
222849,0
222853,0
222854,0
222855,0
222857,0
222860,0
222868,0
222875,0
222880,0
222885,0
222900,0
222902,0
222906,0
222915,0
222916,0
222926,0
222927,1
222928,0
222931,1
222933,0
222936,0
222938,0
222946,0
222947,1
222948,0
222962,0
222966,1
222967,1
222972,1
222973,0
222982,0
222984,1
222986,0
222990,0
222995,0
222996,1
223000,1
223013,0
223016,0
223030,0
223031,1
223034,0
223039,0
223045,1
223050,0
223061,0
223062,1
223064,1
223066,1
223070,0
223077,0
223082,1
223086,0
223087,1
223089,0
223091,1
223093,0
223098,0
223102,0
223104,0
223110,1
223112,1
223113,0
223114,0
223115,0
223121,0
223122,0
223123,0
223126,0
223129,0
223131,0
223136,0
223137,1
223138,1
223145,0
223149,0
223155,1
223158,1
223164,0
223172,0
223180,0
223182,0
223188,0
223192,0
223195,0
223196,1
223198,1
223206,0
223207,0
223208,1
223209,0
223210,0
223211,0
223217,0
223224,0
223225,0
223226,1
223231,1
223241,1
223243,1
223247,0
223248,0
223250,0
223252,0
223259,0
223262,1
223265,0
223269,0
223273,0
223275,0
223276,0
223279,0
223284,0
223288,0
223297,0
223299,0
223302,0
223305,0
223309,1
223310,0
223312,1
223314,1
223315,1
223317,0
223318,0
223320,0
223328,0
223336,0
223337,0
223338,0
223339,1
223340,0
223341,0
223342,0
223344,0
223345,0
223348,0
223352,0
223354,1
223356,1
223360,0
223363,0
223365,1
223366,0
223367,0
223368,0
223369,0
223375,0
223376,0
223382,0
223385,0
223390,1
223392,1
223394,0
223398,0
223402,0
223408,0
223409,0
223410,0
223412,0
223413,0
223414,0
223417,1
223418,1
223421,0
223424,1
223427,0
223429,0
223430,1
223434,0
223438,0
223441,0
223443,0
223444,0
223449,1
223453,1
223459,1
223462,0
223469,1
223471,0
223473,1
223476,1
223478,1
223479,0
223483,0
223488,0
223492,0
223493,0
223494,0
223495,0
223498,0
223500,0
223506,0
223508,1
223512,0
223514,0
223521,0
223523,1
223525,0
223529,0
223532,0
223537,0
223544,1
223553,1
223562,1
223563,1
223566,0
223569,0
223573,0
223574,1
223579,0
223581,0
223587,0
223594,0
223598,1
223600,0
223606,0
223613,0
223615,1
223617,0
223621,0
223630,0
223640,1
223641,0
223647,0
223651,0
223652,0
223653,0
223660,0
223669,0
223670,0
223675,0
223677,1
223678,0
223679,0
223682,0
223684,0
223685,1
223692,1
223705,0
223706,0
223708,1
223710,0
223714,0
223717,1
223720,0
223721,0
223725,1
223731,0
223732,0
223735,1
223738,0
223740,0
223741,0
223745,0
223746,0
223755,1
223757,1
223767,0
223768,0
223778,0
223779,1
223780,0
223791,1
223797,0
223802,1
223808,1
223809,0
223818,1
223819,0
223821,0
223829,0
223843,1
223850,1
223857,0
223864,0
223868,0
223872,0
223879,1
223880,0
223881,0
223884,0
223890,0
223892,0
223900,0
223902,0
223907,1
223919,1
223921,0
223924,1
223927,1
223929,0
223932,1
223934,0
223935,1
223937,1
223940,0
223945,1
223948,0
223953,0
223954,1
223955,0
223974,1
223975,0
223980,0
223981,0
223984,0
223985,0
223991,0
223993,0
223994,0
223999,0
224003,0
224005,0
224006,0
224009,0
224010,1
224015,0
224022,1
224023,0
224024,0
224027,0
224030,1
224038,1
224045,0
224055,0
224069,1
224072,0
224075,0
224087,0
224088,1
224089,0
224100,0
224121,0
224124,0
224130,0
224133,0
224146,0
224149,0
224157,1
224159,0
224162,0
224165,0
224167,0
224170,0
224172,1
224174,1
224187,0
224188,1
224193,0
224194,0
224202,0
224204,0
224206,0
224208,0
224209,0
224210,0
224213,0
224214,0
224221,0
224223,1
224232,0
224237,0
224242,0
224243,0
224244,0
224245,0
224246,0
224247,0
224253,0
224257,0
224259,0
224261,0
224263,0
224264,0
224265,0
224269,0
224276,0
224278,1
224279,0
224282,1
224285,0
224290,1
224296,0
224297,0
224299,1
224310,0
224313,0
224315,0
224316,0
224326,0
224327,1
224329,0
224330,0
224331,1
224333,0
224335,1
224336,0
224339,0
224341,0
224347,0
224357,0
224359,0
224362,0
224367,1
224368,0
224369,0
224370,0
224373,0
224377,0
224378,0
224384,0
224389,0
224400,0
224405,0
224406,0
224408,0
224410,0
224422,0
224436,0
224442,0
224444,0
224445,0
224450,0
224456,0
224470,1
224475,0
224476,0
224477,0
224478,0
224484,1
224495,0
224498,0
224502,1
224505,1
224507,0
224509,0
224512,0
224514,0
224520,0
224521,0
224528,1
224529,1
224534,1
224538,0
224540,0
224543,0
224546,0
224547,0
224552,0
224553,0
224558,0
224559,0
224561,1
224562,0
224568,0
224570,1
224575,1
224578,0
224586,0
224593,0
224596,1
224599,0
224601,0
224602,0
224604,1
224605,0
224617,1
224624,0
224625,0
224626,0
224631,1
224632,0
224638,0
224639,0
224643,0
224647,1
224648,0
224652,0
224653,0
224654,0
224656,0
224657,0
224658,0
224660,0
224664,0
224666,0
224671,0
224672,0
224673,0
224676,1
224677,0
224679,0
224680,0
224681,0
224685,0
224693,0
224696,0
224699,0
224708,0
224718,1
224726,0
224733,1
224737,1
224738,1
224740,0
224741,0
224742,0
224745,0
224764,1
224766,0
224769,0
224771,0
224773,1
224779,1
224782,1
224783,0
224786,1
224787,0
224789,0
224791,0
224796,1
224805,0
224811,1
224814,1
224819,1
224824,0
224827,0
224829,0
224830,0
224833,0
224834,0
224838,1
224840,0
224848,1
224850,0
224853,0
224862,0
224863,1
224865,0
224866,0
224872,0
224876,0
224878,0
224886,0
224890,0
224901,0
224910,0
224916,0
224917,1
224927,0
224929,0
224938,0
224943,0
224946,1
224947,0
224952,0
224954,0
224955,0
224956,0
224957,0
224958,0
224961,0
224962,1
224963,0
224965,0
224967,0
224971,0
224972,0
224976,0
224982,0
224984,1
224986,0
224987,1
224989,0
224996,0
224998,1
225000,0
225005,0
225008,1
225009,1
225011,0
225016,0
225054,0
225055,0
225058,0
225068,1
225069,0
225074,0
225076,0
225082,0
225091,0
225094,0
225096,0
225097,0
225103,0
225104,0
225106,0
225110,0
225112,0
225113,0
225121,1
225133,0
225139,1
225140,0
225145,0
225147,1
225154,1
225161,0
225166,0
225167,1
225171,1
225175,0
225179,1
225183,0
225185,0
225189,0
225197,1
225198,0
225203,0
225205,1
225209,0
225220,0
225224,0
225225,0
225226,0
225227,0
225229,0
225230,0
225233,0
225236,0
225238,0
225239,1
225240,0
225250,0
225252,0
225256,1
225258,0
225260,0
225261,1
225265,0
225272,0
225275,0
225286,1
225287,0
225291,0
225297,1
225298,0
225299,1
225301,0
225307,0
225309,1
225313,0
225316,0
225318,0
225321,0
225322,0
225325,0
225327,1
225329,1
225332,0
225337,0
225345,0
225359,0
225360,0
225361,0
225363,0
225366,1
225371,0
225372,0
225373,0
225385,0
225388,0
225395,0
225401,0
225412,0
225414,1
225418,0
225422,1
225423,1
225429,0
225431,0
225433,0
225438,0
225461,0
225462,1
225473,0
225474,0
225488,0
225490,0
225492,0
225503,0
225507,0
225514,0
225519,1
225521,0
225541,0
225542,1
225545,1
225547,0
225560,0
225564,0
225566,0
225570,0
225574,0
225577,1
225581,0
225589,0
225591,0
225597,0
225598,0
225600,1
225601,0
225610,0
225611,1
225612,0
225617,0
225623,0
225626,0
225635,0
225637,0
225641,0
225645,0
225647,1
225659,0
225663,0
225666,0
225669,1
225671,0
225687,0
225693,0
225695,0
225698,0
225699,0
225701,0
225708,0
225712,0
225714,0
225717,0
225720,1
225728,0
225732,0
225733,0
225740,0
225741,0
225742,1
225748,0
225751,1
225756,1
225758,0
225760,0
225762,0
225765,0
225766,0
225767,0
225772,1
225776,0
225782,0
225793,1
225807,1
225810,1
225814,1
225818,0
225823,0
225824,0
225825,0
225828,0
225832,0
225835,1
225837,0
225838,1
225839,1
225841,1
225843,0
225844,0
225848,0
225851,0
225860,1
225862,0
225868,0
225873,1
225879,0
225881,1
225889,1
225893,0
225897,0
225902,0
225905,0
225906,1
225911,0
225912,0
225913,0
225914,0
225918,0
225919,0
225928,0
225930,1
225935,0
225938,0
225940,1
225941,1
225946,0
225947,1
225955,0
225958,0
225960,0
225963,0
225965,1
225966,0
225967,1
225971,0
225973,0
225975,0
225984,0
225985,0
225994,0
225997,0
225999,0
226002,0
226005,0
226008,1
226010,0
226026,1
226028,0
226030,1
226037,1
226040,1
226057,0
226058,0
226059,0
226061,0
226090,0
226092,1
226094,0
226096,1
226099,1
226101,0
226107,0
226108,0
226109,1
226112,0
226117,1
226125,0
226127,1
226128,0
226129,1
226132,1
226140,0
226141,1
226143,0
226145,1
226147,0
226155,1
226157,0
226158,0
226160,0
226164,0
226168,0
226170,0
226173,0
226177,1
226178,1
226183,0
226184,0
226186,0
226189,0
226191,0
226192,0
226194,0
226201,0
226203,0
226205,1
226209,0
226213,0
226216,0
226219,0
226228,0
226234,0
226238,0
226239,0
226241,1
226242,0
226243,0
226253,0
226254,1
226258,0
226270,0
226271,1
226272,0
226273,1
226274,0
226277,1
226278,0
226280,1
226284,0
226295,0
226300,0
226303,0
226304,0
226306,0
226312,0
226320,0
226326,0
226330,0
226333,0
226334,0
226336,0
226339,0
226343,0
226351,0
226354,0
226356,0
226357,0
226359,0
226362,0
226363,0
226364,1
226366,1
226373,0
226380,1
226386,0
226387,0
226399,0
226402,0
226406,0
226407,0
226413,0
226414,1
226416,1
226417,0
226419,1
226421,1
226425,0
226427,1
226431,0
226433,0
226435,0
226436,1
226443,0
226448,0
226449,0
226450,0
226456,1
226458,0
226460,0
226477,0
226478,1
226480,0
226483,0
226487,0
226488,1
226489,1
226498,0
226502,0
226504,1
226509,0
226514,0
226515,1
226518,0
226520,1
226522,1
226524,0
226530,1
226532,0
226534,0
226538,0
226541,0
226546,1
226547,0
226552,1
226553,0
226561,0
226567,0
226568,0
226570,0
226572,0
226574,0
226577,0
226579,1
226581,0
226583,1
226590,0
226603,1
226607,0
226609,0
226617,1
226618,0
226620,1
226621,0
226628,1
226630,0
226632,1
226633,1
226635,1
226642,0
226644,0
226645,0
226649,1
226656,1
226660,1
226665,0
226666,0
226673,0
226675,1
226680,0
226684,1
226685,0
226688,0
226691,0
226694,0
226699,0
226711,0
226715,1
226716,0
226717,1
226726,0
226730,0
226731,0
226733,0
226734,0
226735,0
226736,1
226747,1
226754,1
226758,0
226761,0
226770,0
226774,0
226776,0
226780,1
226781,0
226782,0
226784,0
226785,1
226792,0
226799,1
226801,0
226802,0
226811,0
226817,1
226820,0
226825,1
226826,0
226828,1
226829,0
226834,1
226835,0
226839,0
226841,0
226845,0
226847,1
226864,0
226867,0
226870,0
226875,1
226877,1
226878,0
226879,0
226884,1
226886,1
226889,0
226891,0
226893,0
226895,1
226897,1
226908,0
226913,0
226916,1
226922,1
226923,0
226924,0
226929,0
226932,0
226933,0
226934,0
226945,0
226946,1
226948,1
226949,1
226950,0
226953,1
226955,0
226958,1
226959,0
226964,0
226966,0
226967,1
226976,0
226977,1
226983,0
226985,0
226993,0
226999,0
227001,0
227005,1
227007,0
227015,0
227016,0
227017,1
227018,0
227021,0
227024,0
227025,1
227027,0
227028,0
227053,0
227060,0
227067,1
227069,0
227071,0
227072,0
227087,0
227092,0
227093,1
227094,0
227104,1
227110,0
227118,0
227120,0
227127,0
227129,0
227140,0
227143,0
227150,0
227153,0
227155,0
227160,0
227163,0
227164,1
227165,0
227166,0
227171,0
227172,0
227179,1
227180,1
227185,0
227186,1
227187,0
227188,0
227195,0
227205,0
227209,0
227210,0
227211,0
227222,0
227224,0
227225,0
227233,1
227238,0
227245,0
227246,0
227250,0
227255,0
227256,0
227266,0
227270,0
227272,0
227273,1
227276,0
227279,0
227281,0
227284,0
227285,0
227286,0
227287,0
227295,0
227298,0
227301,0
227302,0
227313,0
227316,0
227325,1
227332,0
227342,0
227343,0
227358,0
227362,0
227363,1
227391,0
227395,0
227396,1
227401,0
227403,0
227404,1
227414,0
227418,0
227424,0
227425,1
227434,0
227435,0
227439,0
227443,1
227444,0
227446,0
227449,0
227456,0
227459,1
227465,0
227470,0
227475,1
227476,0
227477,0
227478,0
227479,0
227491,1
227492,1
227496,0
227500,1
227508,0
227517,0
227519,0
227526,0
227531,0
227535,1
227536,0
227541,0
227542,1
227545,0
227547,1
227562,0
227563,0
227569,1
227572,0
227573,1
227578,1
227585,1
227593,1
227598,1
227607,0
227610,0
227614,0
227623,1
227629,1
227640,0
227643,1
227650,1
227652,0
227656,1
227666,0
227672,1
227675,1
227681,0
227691,0
227694,0
227702,1
227703,0
227709,0
227711,0
227714,1
227716,1
227718,0
227724,0
227731,0
227734,0
227736,0
227742,1
227746,0
227747,0
227753,0
227757,0
227760,1
227761,0
227769,0
227777,0
227778,0
227780,1
227787,0
227788,1
227799,1
227806,0
227807,0
227819,0
227824,0
227825,0
227836,0
227844,0
227848,0
227852,1
227855,0
227862,0
227864,0
227869,0
227870,0
227874,0
227876,0
227878,1
227882,0
227887,1
227891,0
227893,0
227894,1
227895,0
227896,0
227900,0
227908,0
227916,0
227921,1
227922,0
227923,0
227924,0
227925,0
227928,1
227935,1
227940,0
227942,1
227953,0
227959,0
227972,0
227974,1
227977,0
227978,0
227984,1
227987,0
227988,1
227993,0
227999,1
228005,0
228016,0
228018,1
228019,0
228021,0
228026,1
228027,0
228032,0
228035,0
228037,0
228038,0
228040,0
228045,1
228047,1
228048,0
228054,1
228055,0
228057,0
228065,0
228069,1
228073,0
228074,0
228075,0
228078,0
228079,1
228080,0
228089,1
228097,1
228109,0
228111,1
228113,0
228115,1
228119,1
228122,0
228123,0
228129,1
228133,1
228134,1
228138,0
228144,0
228159,0
228162,0
228163,0
228165,0
228169,0
228171,0
228174,0
228183,1
228186,0
228189,0
228191,0
228199,1
228200,1
228203,0
228222,0
228223,0
228224,1
228225,0
228229,1
228232,0
228233,1
228240,0
228245,0
228246,1
228254,0
228256,1
228273,1
228275,0
228276,1
228277,1
228281,0
228288,0
228289,0
228290,1
228298,0
228299,0
228308,0
228312,1
228313,0
228314,0
228322,0
228325,1
228326,1
228327,0
228333,0
228335,0
228336,0
228345,0
228348,0
228350,0
228351,0
228355,0
228362,1
228380,1
228387,0
228405,0
228416,1
228423,0
228424,0
228427,0
228448,1
228450,0
228455,0
228456,0
228463,0
228466,0
228470,1
228472,0
228485,1
228486,0
228490,1
228497,1
228499,0
228507,0
228518,0
228519,0
228521,1
228527,0
228532,0
228535,0
228537,1
228545,0
228546,0
228559,1
228563,1
228564,1
228572,0
228574,0
228578,0
228581,0
228584,1
228587,1
228590,0
228597,1
228601,1
228602,1
228603,0
228605,0
228608,0
228613,0
228617,1
228618,0
228619,0
228620,1
228621,1
228627,0
228631,0
228635,1
228639,1
228650,0
228652,0
228655,0
228664,0
228670,1
228673,0
228674,1
228675,0
228678,0
228689,0
228697,0
228698,0
228708,0
228709,0
228714,0
228720,0
228721,0
228723,0
228727,1
228730,1
228731,0
228732,1
228734,0
228736,0
228737,0
228739,0
228742,1
228746,0
228747,0
228750,1
228752,0
228755,1
228757,0
228761,1
228763,0
228768,0
228779,0
228781,0
228783,0
228789,0
228791,0
228792,0
228795,1
228797,1
228816,1
228827,0
228831,1
228836,0
228842,0
228843,0
228851,0
228853,1
228859,0
228860,0
228864,0
228867,0
228875,0
228889,0
228892,0
228894,0
228895,0
228896,0
228906,0
228908,0
228909,1
228913,1
228926,1
228928,0
228934,0
228938,1
228950,0
228953,0
228956,0
228957,0
228960,1
228985,0
228989,0
228990,0
228997,1
228998,0
229005,0
229017,0
229021,1
229028,1
229031,1
229038,0
229049,0
229057,1
229060,0
229069,0
229078,0
229081,0
229082,0
229085,0
229087,0
229091,0
229093,0
229094,0
229096,1
229104,1
229106,0
229107,1
229109,1
229112,1
229113,0
229116,0
229125,0
229127,0
229129,0
229132,0
229135,0
229137,0
229138,0
229144,0
229146,1
229149,1
229150,0
229151,1
229152,0
229155,0
229163,0
229168,0
229169,0
229173,0
229176,0
229177,0
229179,1
229181,1
229183,0
229184,0
229194,1
229198,0
229205,0
229207,1
229211,1
229213,1
229218,0
229221,1
229223,0
229229,0
229232,1
229238,0
229240,0
229245,0
229249,0
229255,1
229258,1
229270,1
229272,0
229273,0
229276,0
229292,1
229296,0
229302,0
229306,0
229307,0
229310,0
229312,0
229319,0
229321,0
229323,0
229330,0
229333,0
229345,0
229357,0
229358,1
229360,0
229365,0
229366,1
229373,1
229381,1
229384,0
229390,0
229398,0
229400,0
229403,0
229410,0
229416,0
229418,0
229424,0
229436,0
229447,0
229449,0
229460,1
229461,0
229463,0
229477,0
229480,0
229481,0
229482,1
229484,0
229495,1
229500,0
229501,1
229504,1
229506,0
229513,1
229514,0
229515,0
229523,1
229524,0
229526,1
229527,0
229528,0
229544,0
229547,0
229551,1
229554,0
229557,1
229559,0
229561,0
229580,0
229584,0
229589,0
229592,1
229597,0
229604,0
229605,0
229606,0
229622,0
229624,0
229626,1
229628,0
229636,1
229639,0
229641,0
229643,0
229646,1
229657,0
229658,0
229659,0
229666,0
229668,0
229670,0
229674,0
229675,0
229676,0
229677,1
229681,0
229682,1
229684,1
229692,0
229695,0
229700,1
229703,1
229708,0
229713,1
229719,0
229723,1
229728,0
229729,0
229733,0
229737,0
229740,0
229742,1
229747,1
229750,0
229754,0
229761,1
229763,0
229770,0
229772,1
229773,0
229776,0
229777,1
229782,0
229784,1
229786,0
229789,0
229790,1
229802,0
229803,0
229808,0
229810,0
229811,0
229822,0
229823,0
229828,0
229838,0
229841,0
229845,0
229850,0
229854,0
229855,0
229867,0
229875,1
229878,1
229879,0
229881,1
229885,0
229887,0
229889,0
229890,1
229891,0
229895,0
229908,0
229916,0
229917,0
229918,0
229919,0
229925,0
229928,0
229940,1
229941,1
229943,0
229948,0
229950,0
229953,0
229954,0
229956,0
229959,0
229961,0
229962,0
229972,1
229988,0
229989,0
229990,1
229992,0
229999,0
230003,1
230009,0
230011,0
230012,0
230020,0
230024,1
230029,0
230030,0
230031,0
230032,0
230042,1
230049,1
230050,0
230057,0
230059,1
230061,0
230064,1
230071,1
230072,0
230075,1
230078,0
230079,0
230083,1
230084,0
230098,0
230099,0
230100,0
230101,0
230104,0
230111,0
230120,0
230123,0
230131,0
230140,1
230143,0
230144,0
230146,1
230148,1
230150,0
230164,0
230178,0
230181,0
230183,1
230185,1
230186,1
230192,0
230193,0
230195,0
230196,0
230199,1
230204,0
230206,0
230211,1
230217,0
230223,0
230226,1
230228,0
230231,0
230232,0
230235,1
230240,1
230245,1
230250,0
230254,1
230268,0
230271,1
230272,1
230274,0
230278,1
230282,1
230289,0
230295,0
230299,1
230311,1
230315,0
230319,0
230321,1
230326,0
230328,0
230332,1
230333,1
230335,1
230337,0
230339,1
230349,0
230351,1
230354,0
230355,1
230356,0
230357,0
230358,0
230359,0
230361,0
230362,0
230367,1
230369,0
230375,1
230377,0
230380,0
230381,1
230385,0
230389,1
230401,0
230408,0
230409,1
230415,1
230418,1
230419,1
230422,1
230426,1
230427,0
230428,1
230433,0
230435,0
230436,0
230449,0
230450,1
230453,0
230463,0
230465,0
230468,0
230472,1
230476,0
230486,0
230488,1
230492,1
230494,0
230496,0
230501,0
230502,0
230505,0
230507,0
230509,1
230511,0
230519,0
230521,0
230531,0
230533,0
230534,0
230539,1
230553,1
230556,0
230566,0
230572,0
230573,1
230574,0
230576,0
230579,1
230584,0
230586,0
230588,0
230596,0
230597,0
230598,0
230603,0
230604,0
230608,0
230611,1
230612,0
230614,0
230617,1
230619,0
230620,1
230623,0
230624,1
230630,0
230632,0
230633,0
230639,1
230640,0
230644,1
230645,1
230652,0
230653,0
230655,1
230658,0
230659,1
230661,0
230669,1
230672,1
230692,0
230694,0
230696,0
230705,1
230715,0
230716,1
230724,0
230743,1
230744,1
230745,1
230769,1
230770,0
230772,1
230773,0
230783,1
230784,1
230787,1
230792,1
230793,0
230794,0
230802,1
230809,0
230813,0
230827,1
230838,1
230842,0
230843,0
230851,0
230852,0
230853,0
230854,0
230855,1
230857,1
230858,0
230859,1
230861,1
230866,0
230868,0
230872,0
230891,0
230898,0
230899,0
230901,0
230903,1
230905,0
230906,0
230911,1
230913,1
230914,0
230915,0
230920,0
230925,1
230928,0
230930,1
230932,0
230933,0
230947,0
230953,0
230955,1
230960,1
230963,0
230968,0
230969,1
230972,0
230973,0
230977,0
230980,0
230993,0
230995,0
231001,0
231013,0
231018,0
231020,1
231026,1
231028,0
231036,1
231038,0
231047,0
231050,0
231053,0
231059,0
231074,0
231076,0
231078,1
231079,0
231086,0
231087,1
231104,0
231107,1
231111,1
231120,0
231130,0
231139,0
231141,0
231145,0
231151,0
231157,0
231158,0
231166,1
231167,0
231169,1
231171,1
231172,1
231182,0
231184,1
231187,0
231198,1
231201,0
231202,0
231206,0
231208,1
231211,0
231214,0
231216,0
231218,0
231220,0
231227,0
231233,0
231234,1
231239,0
231244,0
231250,0
231256,0
231257,1
231258,1
231262,0
231266,1
231272,0
231282,0
231292,0
231295,0
231301,0
231303,1
231308,1
231309,0
231313,0
231319,0
231322,1
231324,0
231329,1
231334,0
231336,1
231344,0
231347,0
231349,1
231351,0
231356,1
231364,0
231373,0
231376,1
231383,0
231385,0
231389,1
231390,1
231393,0
231394,1
231399,1
231408,1
231412,0
231417,1
231419,0
231424,1
231444,0
231446,0
231457,0
231459,0
231460,1
231466,0
231467,1
231475,1
231486,1
231493,1
231494,0
231495,0
231500,1
231507,1
231508,1
231509,0
231512,0
231513,1
231516,1
231519,1
231523,1
231530,0
231539,0
231545,0
231557,1
231562,1
231565,1
231582,1
231593,0
231601,0
231602,1
231604,0
231609,0
231619,0
231620,0
231621,0
231625,1
231628,0
231629,0
231637,0
231638,1
231640,1
231644,0
231647,0
231652,0
231658,1
231663,1
231669,0
231675,0
231679,0
231681,0
231694,0
231699,0
231701,0
231704,1
231706,0
231707,0
231710,0
231713,0
231716,1
231717,1
231722,1
231735,1
231745,0
231770,0
231777,0
231779,1
231786,1
231787,1
231793,0
231800,0
231801,0
231807,0
231811,0
231815,0
231826,0
231828,0
231830,1
231832,1
231833,0
231835,0
231844,0
231851,0
231857,0
231858,0
231860,0
231862,0
231865,1
231866,1
231870,0
231872,0
231873,1
231876,0
231879,0
231880,0
231884,0
231886,1
231887,0
231889,0
231892,0
231898,0
231917,1
231925,0
231930,0
231931,1
231940,1
231944,1
231945,1
231951,0
231955,0
231960,0
231961,0
231963,0
231965,1
231969,0
231970,0
231971,0
231987,0
231989,1
231990,0
231992,0
231994,1
231998,1
232007,0
232008,0
232012,0
232018,1
232020,0
232021,0
232026,0
232032,0
232034,1
232037,0
232040,0
232042,1
232043,0
232049,0
232055,0
232057,0
232060,0
232062,0
232063,1
232069,0
232075,1
232080,0
232083,0
232090,0
232091,0
232092,1
232096,1
232099,1
232101,1
232102,1
232104,0
232115,0
232122,0
232130,0
232131,0
232133,0
232137,1
232141,1
232142,1
232143,1
232154,1
232171,0
232172,0
232174,0
232177,0
232181,0
232185,0
232187,0
232193,0
232194,0
232204,0
232209,1
232210,0
232213,1
232214,0
232216,0
232217,0
232221,0
232227,0
232231,0
232239,0
232243,0
232244,0
232250,1
232252,0
232253,0
232257,0
232273,0
232275,1
232277,1
232279,1
232282,0
232286,1
232294,0
232295,0
232299,1
232301,0
232303,0
232320,1
232325,0
232326,0
232336,0
232343,0
232346,1
232360,1
232366,0
232376,0
232384,0
232393,0
232399,0
232400,1
232410,0
232415,0
232420,0
232421,0
232424,0
232428,0
232429,1
232435,0
232437,0
232458,1
232466,0
232468,1
232485,1
232486,0
232494,1
232496,0
232501,0
232502,1
232506,1
232511,0
232512,0
232514,1
232524,0
232530,0
232538,1
232542,0
232546,1
232551,0
232555,0
232562,0
232567,1
232568,0
232572,0
232574,0
232575,0
232578,0
232588,1
232590,0
232601,0
232610,0
232615,0
232618,1
232624,0
232626,0
232628,1
232631,0
232635,0
232641,0
232645,0
232646,1
232647,0
232655,1
232664,0
232667,1
232668,0
232670,0
232672,1
232673,0
232675,1
232678,1
232679,1
232681,0
232684,0
232701,1
232707,1
232708,1
232709,0
232710,0
232711,1
232721,0
232731,0
232734,0
232741,0
232746,0
232752,0
232754,0
232757,0
232767,0
232768,0
232772,0
232776,0
232785,1
232790,1
232791,1
232792,1
232800,0
232814,0
232816,0
232821,1
232828,0
232830,0
232834,0
232835,1
232836,0
232837,0
232838,0
232841,0
232846,0
232847,0
232849,0
232854,0
232860,1
232861,0
232865,0
232871,1
232874,0
232878,0
232879,1
232883,0
232886,0
232893,0
232895,1
232897,1
232899,1
232915,1
232917,1
232921,1
232928,1
232930,1
232949,0
232956,0
232971,0
232977,1
232994,0
232997,0
232999,0
233007,0
233011,1
233014,0
233018,1
233025,0
233027,0
233028,1
233029,1
233035,0
233041,0
233049,1
233056,1
233057,0
233063,0
233064,0
233068,0
233069,1
233083,0
233084,1
233091,1
233095,0
233097,0
233108,0
233110,0
233113,1
233117,1
233122,1
233125,0
233132,1
233133,0
233138,0
233139,0
233142,0
233144,0
233150,1
233151,0
233155,1
233157,0
233158,0
233160,1
233170,1
233171,0
233172,0
233174,1
233183,0
233184,0
233192,1
233194,0
233199,1
233207,0
233210,0
233211,1
233212,0
233213,0
233216,1
233224,1
233234,0
233235,1
233238,0
233239,0
233242,1
233245,1
233249,1
233253,1
233254,0
233257,0
233259,0
233262,0
233269,0
233271,0
233293,0
233294,1
233298,1
233301,0
233306,0
233308,0
233314,0
233315,1
233316,0
233319,0
233321,0
233326,1
233333,0
233334,1
233336,1
233338,0
233342,0
233344,1
233347,0
233349,1
233354,0
233355,0
233356,1
233360,0
233362,0
233372,0
233380,0
233384,1
233390,0
233391,1
233396,1
233397,1
233400,0
233401,1
233403,1
233418,1
233421,0
233427,0
233428,0
233429,1
233431,0
233435,0
233442,0
233443,0
233445,0
233448,1
233451,1
233459,0
233467,1
233471,1
233472,1
233480,0
233486,0
233500,0
233518,0
233520,0
233534,1
233543,1
233553,1
233562,1
233564,0
233577,1
233579,0
233583,1
233584,0
233587,0
233592,0
233593,0
233594,0
233612,1
233615,0
233618,0
233625,1
233629,1
233635,0
233636,0
233637,0
233639,1
233641,0
233643,1
233645,0
233649,0
233657,0
233658,0
233666,0
233670,0
233679,0
233680,1
233689,1
233691,0
233692,0
233693,0
233694,0
233695,1
233701,1
233706,0
233709,0
233710,1
233720,0
233727,0
233730,0
233735,1
233738,0
233739,1
233740,0
233741,0
233745,1
233746,0
233747,0
233749,0
233751,1
233757,1
233760,1
233764,1
233767,0
233771,0
233773,0
233776,0
233777,1
233782,1
233786,0
233788,0
233790,1
233791,1
233799,0
233801,0
233803,0
233804,0
233805,0
233823,1
233828,0
233829,1
233830,1
233845,0
233848,0
233857,0
233858,1
233863,1
233868,0
233873,0
233877,0
233885,1
233889,0
233894,1
233906,1
233919,0
233924,1
233926,0
233936,1
233937,0
233954,0
233955,1
233957,0
233960,0
233961,0
233962,0
233965,1
233971,0
233974,0
233975,1
233982,0
233989,0
233993,1
233996,1
233997,0
234000,1
234001,0
234004,0
234008,1
234014,1
234020,0
234021,1
234035,0
234036,0
234039,1
234043,0
234051,0
234052,1
234054,0
234062,0
234064,0
234074,0
234075,0
234084,0
234090,0
234092,0
234099,1
234101,0
234107,1
234118,0
234121,0
234124,1
234138,0
234140,1
234142,0
234143,0
234146,0
234147,0
234149,1
234150,0
234157,0
234166,0
234168,1
234172,1
234175,0
234181,0
234182,1
234188,0
234190,1
234192,0
234194,0
234198,0
234202,0
234215,0
234217,0
234221,0
234234,0
234239,0
234240,0
234241,0
234243,1
234244,0
234247,0
234248,1
234250,0
234254,0
234259,0
234268,0
234274,1
234279,0
234284,1
234286,0
234288,1
234302,0
234312,1
234316,0
234318,0
234327,0
234338,0
234344,1
234347,1
234349,1
234351,0
234357,0
234361,1
234364,1
234372,0
234375,0
234387,0
234391,0
234396,0
234405,0
234407,0
234411,0
234414,0
234417,0
234419,0
234426,0
234428,1
234431,0
234444,0
234446,0
234449,0
234453,0
234458,0
234462,1
234466,0
234473,1
234474,1
234476,1
234477,0
234478,0
234487,0
234491,0
234492,0
234493,0
234497,0
234498,1
234501,1
234503,0
234509,0
234514,0
234525,1
234533,1
234535,0
234541,1
234542,0
234546,0
234547,1
234568,0
234572,0
234573,0
234578,0
234583,0
234585,0
234588,1
234590,0
234595,0
234596,0
234597,0
234598,1
234601,1
234603,1
234615,1
234619,0
234629,0
234630,1
234640,0
234643,1
234646,1
234647,0
234653,0
234654,0
234663,1
234666,0
234667,0
234675,0
234684,0
234685,0
234687,0
234697,0
234700,0
234711,0
234713,0
234724,0
234725,0
234729,0
234735,1
234736,0
234738,1
234743,1
234752,0
234753,1
234754,0
